"Sample ID","Tectonic Unit","Pluton / Location","Lithology","Mineral","Method","U-Pb Age (Ma)","±1σ (Ma)","Th/U","Elev (m)","Coordinates","Reference DOI"
"RB-09","GHS","Rongbuk","Pegmatite","Xenotime","SIMS","15.4","±0.2","0.12","5240 m","28.16, 86.85","doi"
"RB-02","GHS","Rongbuk","Garnet leucogranite","Zircon","LA-ICP-MS","16.7","±0.3","0.02","5180 m","28.19, 86.82","doi"
"GY-04","GHS","Gyirong","Two-mica granite","Monazite","SIMS","17.5","±0.2","0.31","4450 m","28.41, 85.36","doi"
"SP-01","GHS","Shishapangma","Tourmaline leucogranite","Zircon","ID-TIMS","18.2","±0.2","0.03","5400 m","28.35, 85.78","doi"
"MN-12","GHS","Manaslu","Two-mica granite","Zircon","ID-TIMS","19.3","±0.2","0.05","5100 m","28.58, 84.56","doi"
"GY-01","GHS","Gyirong","Tourmaline leucogranite","Zircon","SIMS","20.8","±0.3","0.04","4320 m","28.39, 85.32","doi"
"YA-05","GHS","Yadong","Two-mica granite","Zircon","LA-ICP-MS","21.3","±0.4","0.06","3820 m","27.52, 88.94","doi"
"MN-18","GHS","Manaslu","Tourmaline leucogranite","Monazite","SIMS","22.9","±0.4","0.45","4950 m","28.62, 84.61","doi"
"YD-07","THS","Yardoi","Two-mica granite","Zircon","SIMS","28.2","±0.5","0.15","4680 m","29.12, 91.84","doi"
"LT-02","THS","Langtao","Tourmaline leucogranite","Monazite","SIMS","34.6","±0.4","0.52","4500 m","28.87, 90.75","doi"
"YD-01","THS","Yardoi","Garnet leucogranite","Zircon","LA-ICP-MS","43.5","±0.8","0.08","4720 m","29.08, 91.80","doi"
"DL-03","THS","Dala","Two-mica granite","Zircon","LA-ICP-MS","44.1","±0.7","0.18","4310 m","28.34, 91.62","doi"
"IYS-G04","IYS","Quxu Batholith","Two-mica granite","Zircon","LA-ICP-MS","49.5","±0.6","0.74","3680 m","29.35, 90.72","doi"
"IYS-D02","IYS","Zedang Ophiolite","Diorite","Zircon","LA-ICP-MS","156.4","±1.8","0.82","3560 m","29.24, 91.78","doi"
"LHS-G01","LHS","Ulleri (LHS Base)","Granite gneiss","Zircon","LA-ICP-MS","475.0","±5.2","0.65","2100 m","28.32, 83.70","doi"
"LHS-G05","LHS","Simchar","Granite gneiss","Zircon","LA-ICP-MS","488.0","±4.1","0.58","2350 m","27.60, 85.12","doi"